{"cameraMode":{"drawMode":0,"name":"Shaded","section":"Shading Mode"},"sceneLighting":true,"audioPlay":false,"sceneViewState":{"m_AlwaysRefresh":false,"showFog":true,"showSkybox":true,"showFlares":true,"showImageEffects":true,"showParticleSystems":true,"showVisualEffectGraphs":true,"m_FxEnabled":true},"in2DMode":false,"pivot":{"x":-7.984579086303711,"y":5.330896377563477,"z":-2.1480298042297365},"rotation":{"x":-0.11222665011882782,"y":-0.025336001068353654,"z":-0.002861528657376766,"w":0.9933580160140991},"size":7.1340742111206059,"orthographic":false}